<?xml version="1.0" encoding="UTF-8"?>
<cus:Customizations xmlns:cus="http://www.bea.com/wli/config/customizations" xmlns:xsi="http://www.w3.org/2001/XMLSchema-instance" xmlns:xt="http://www.bea.com/wli/config/xmltypes">
  <cus:customization xsi:type="cus:EnvValueCustomizationType">
    <cus:description/>
    <cus:envValueAssignments>
      <xt:envValueType>Service URI Weight</xt:envValueType>
      <xt:location>0</xt:location>
      <xt:owner>
        <xt:type>BusinessService</xt:type>
        <xt:path>TigoOnline/GetTechServiceOrders/BS/GetTechServiceOrdersLocal</xt:path>
      </xt:owner>
      <xt:value xsi:type="xs:string" xmlns:xs="http://www.w3.org/2001/XMLSchema">0</xt:value>
    </cus:envValueAssignments>
    <cus:envValueAssignments>
      <xt:envValueType>Service URI</xt:envValueType>
      <xt:location>0</xt:location>
      <xt:owner>
        <xt:type>BusinessService</xt:type>
        <xt:path>TigoOnline/GetTechServiceOrders/BS/GetTechServiceOrdersLocal</xt:path>
      </xt:owner>
      <xt:value xsi:type="xs:string" xmlns:xs="http://www.w3.org/2001/XMLSchema">http://172.30.9.9:8011/TigoOnline/GetTechServiceOrders/PS/GetTechServiceOrdersLocal</xt:value>
    </cus:envValueAssignments>
    <cus:envValueAssignments>
      <xt:envValueType>Service URI Table</xt:envValueType>
      <xt:location xsi:nil="true"/>
      <xt:owner>
        <xt:type>BusinessService</xt:type>
        <xt:path>TigoOnline/GetTechServiceOrders/BS/GetTechServiceOrdersLocal</xt:path>
      </xt:owner>
      <xt:value>
        <tran:tableElement xmlns:tran="http://www.bea.com/wli/sb/transports">
          <tran:URI>http://172.30.9.9:8011/TigoOnline/GetTechServiceOrders/PS/GetTechServiceOrdersLocal</tran:URI>
          <tran:weight>0</tran:weight>
        </tran:tableElement>
      </xt:value>
    </cus:envValueAssignments>
    <cus:envValueAssignments>
      <xt:envValueType>Service Retry Count</xt:envValueType>
      <xt:location xsi:nil="true"/>
      <xt:owner>
        <xt:type>BusinessService</xt:type>
        <xt:path>TigoOnline/GetTechServiceOrders/BS/GetTechServiceOrdersLocal</xt:path>
      </xt:owner>
      <xt:value xsi:type="xs:string" xmlns:xs="http://www.w3.org/2001/XMLSchema">0</xt:value>
    </cus:envValueAssignments>
    <cus:envValueAssignments>
      <xt:envValueType>Service Retry Iteration Interval</xt:envValueType>
      <xt:location xsi:nil="true"/>
      <xt:owner>
        <xt:type>BusinessService</xt:type>
        <xt:path>TigoOnline/GetTechServiceOrders/BS/GetTechServiceOrdersLocal</xt:path>
      </xt:owner>
      <xt:value xsi:type="xs:string" xmlns:xs="http://www.w3.org/2001/XMLSchema">0</xt:value>
    </cus:envValueAssignments>
    <cus:envValueAssignments>
      <xt:envValueType>Alert SNMP Trap</xt:envValueType>
      <xt:location xsi:nil="true"/>
      <xt:owner>
        <xt:type>AlertDestination</xt:type>
        <xt:path>TigoOnline/GetTechServiceOrders/AD/GetTechServiceOrders</xt:path>
      </xt:owner>
      <xt:value xsi:type="xs:string" xmlns:xs="http://www.w3.org/2001/XMLSchema">false</xt:value>
    </cus:envValueAssignments>
    <cus:envValueAssignments>
      <xt:envValueType>Alert To Log</xt:envValueType>
      <xt:location xsi:nil="true"/>
      <xt:owner>
        <xt:type>AlertDestination</xt:type>
        <xt:path>TigoOnline/GetTechServiceOrders/AD/GetTechServiceOrders</xt:path>
      </xt:owner>
      <xt:value xsi:type="xs:string" xmlns:xs="http://www.w3.org/2001/XMLSchema">true</xt:value>
    </cus:envValueAssignments>
    <cus:envValueAssignments>
      <xt:envValueType>Alert To Reporting Data</xt:envValueType>
      <xt:location xsi:nil="true"/>
      <xt:owner>
        <xt:type>AlertDestination</xt:type>
        <xt:path>TigoOnline/GetTechServiceOrders/AD/GetTechServiceOrders</xt:path>
      </xt:owner>
      <xt:value xsi:type="xs:string" xmlns:xs="http://www.w3.org/2001/XMLSchema">false</xt:value>
    </cus:envValueAssignments>
    <cus:envValueAssignments>
      <xt:envValueType>UDDI Auto Publish</xt:envValueType>
      <xt:location xsi:nil="true"/>
      <xt:owner>
        <xt:type>ProxyService</xt:type>
        <xt:path>TigoOnline/GetTechServiceOrders/PS/GetTechServiceOrders</xt:path>
      </xt:owner>
      <xt:value xsi:type="xs:string" xmlns:xs="http://www.w3.org/2001/XMLSchema">false</xt:value>
    </cus:envValueAssignments>
    <cus:envValueAssignments>
      <xt:envValueType>Service URI</xt:envValueType>
      <xt:location xsi:nil="true"/>
      <xt:owner>
        <xt:type>ProxyService</xt:type>
        <xt:path>TigoOnline/GetTechServiceOrders/PS/GetTechServiceOrders</xt:path>
      </xt:owner>
      <xt:value xsi:type="xs:string" xmlns:xs="http://www.w3.org/2001/XMLSchema">/TigoOnline/GetTechServiceOrders/PS/GetTechServiceOrders</xt:value>
    </cus:envValueAssignments>
    <cus:envValueAssignments>
      <xt:envValueType>UDDI Auto Publish</xt:envValueType>
      <xt:location xsi:nil="true"/>
      <xt:owner>
        <xt:type>ProxyService</xt:type>
        <xt:path>TigoOnline/GetTechServiceOrders/PS/GetTechServiceOrdersLocal</xt:path>
      </xt:owner>
      <xt:value xsi:type="xs:string" xmlns:xs="http://www.w3.org/2001/XMLSchema">false</xt:value>
    </cus:envValueAssignments>
    <cus:envValueAssignments>
      <xt:envValueType>Service URI</xt:envValueType>
      <xt:location xsi:nil="true"/>
      <xt:owner>
        <xt:type>ProxyService</xt:type>
        <xt:path>TigoOnline/GetTechServiceOrders/PS/GetTechServiceOrdersLocal</xt:path>
      </xt:owner>
      <xt:value xsi:type="xs:string" xmlns:xs="http://www.w3.org/2001/XMLSchema">/TigoOnline/GetTechServiceOrders/PS/GetTechServiceOrdersLocal</xt:value>
    </cus:envValueAssignments>
    <cus:envValueAssignments>
      <xt:envValueType>Service URI Weight</xt:envValueType>
      <xt:location>0</xt:location>
      <xt:owner>
        <xt:type>BusinessService</xt:type>
        <xt:path>TigoOnline/GetTechServiceOrders/BS/Incidencias</xt:path>
      </xt:owner>
      <xt:value xsi:type="xs:string" xmlns:xs="http://www.w3.org/2001/XMLSchema">1</xt:value>
    </cus:envValueAssignments>
    <cus:envValueAssignments>
      <xt:envValueType>Service URI</xt:envValueType>
      <xt:location>0</xt:location>
      <xt:owner>
        <xt:type>BusinessService</xt:type>
        <xt:path>TigoOnline/GetTechServiceOrders/BS/Incidencias</xt:path>
      </xt:owner>
      <xt:value xsi:type="xs:string" xmlns:xs="http://www.w3.org/2001/XMLSchema">http://172.22.52.7:8080/CustomerServices/services/Incidencias</xt:value>
    </cus:envValueAssignments>
    <cus:envValueAssignments>
      <xt:envValueType>Service URI Table</xt:envValueType>
      <xt:location xsi:nil="true"/>
      <xt:owner>
        <xt:type>BusinessService</xt:type>
        <xt:path>TigoOnline/GetTechServiceOrders/BS/Incidencias</xt:path>
      </xt:owner>
      <xt:value>
        <tran:tableElement xmlns:tran="http://www.bea.com/wli/sb/transports">
          <tran:URI>http://172.22.52.7:8080/CustomerServices/services/Incidencias</tran:URI>
          <tran:weight>1</tran:weight>
        </tran:tableElement>
      </xt:value>
    </cus:envValueAssignments>
    <cus:envValueAssignments>
      <xt:envValueType>Service Retry Count</xt:envValueType>
      <xt:location xsi:nil="true"/>
      <xt:owner>
        <xt:type>BusinessService</xt:type>
        <xt:path>TigoOnline/GetTechServiceOrders/BS/Incidencias</xt:path>
      </xt:owner>
      <xt:value xsi:type="xs:string" xmlns:xs="http://www.w3.org/2001/XMLSchema">0</xt:value>
    </cus:envValueAssignments>
    <cus:envValueAssignments>
      <xt:envValueType>Service Retry Iteration Interval</xt:envValueType>
      <xt:location xsi:nil="true"/>
      <xt:owner>
        <xt:type>BusinessService</xt:type>
        <xt:path>TigoOnline/GetTechServiceOrders/BS/Incidencias</xt:path>
      </xt:owner>
      <xt:value xsi:type="xs:string" xmlns:xs="http://www.w3.org/2001/XMLSchema">0</xt:value>
    </cus:envValueAssignments>
  </cus:customization>
  <cus:customization xsi:type="cus:FindAndReplaceCustomizationType">
    <cus:description/>
    <cus:query>
      <xt:resourceTypes>AlertDestination</xt:resourceTypes>
      <xt:resourceTypes>BusinessService</xt:resourceTypes>
      <xt:resourceTypes>ProxyService</xt:resourceTypes>
      <xt:envValueTypes>Service URI</xt:envValueTypes>
      <xt:envValueTypes>Alert To Log</xt:envValueTypes>
      <xt:envValueTypes>Service URI Weight</xt:envValueTypes>
      <xt:envValueTypes>UDDI Auto Publish</xt:envValueTypes>
      <xt:envValueTypes>Alert SNMP Trap</xt:envValueTypes>
      <xt:envValueTypes>Service Retry Iteration Interval</xt:envValueTypes>
      <xt:envValueTypes>Service Retry Count</xt:envValueTypes>
      <xt:envValueTypes>Alert To Reporting Data</xt:envValueTypes>
      <xt:refsToSearch xsi:type="xt:ResourceRefType">
        <xt:type>BusinessService</xt:type>
        <xt:path>TigoOnline/GetTechServiceOrders/BS/GetTechServiceOrdersLocal</xt:path>
      </xt:refsToSearch>
      <xt:refsToSearch xsi:type="xt:ResourceRefType">
        <xt:type>AlertDestination</xt:type>
        <xt:path>TigoOnline/GetTechServiceOrders/AD/GetTechServiceOrders</xt:path>
      </xt:refsToSearch>
      <xt:refsToSearch xsi:type="xt:ResourceRefType">
        <xt:type>ProxyService</xt:type>
        <xt:path>TigoOnline/GetTechServiceOrders/PS/GetTechServiceOrders</xt:path>
      </xt:refsToSearch>
      <xt:refsToSearch xsi:type="xt:ResourceRefType">
        <xt:type>ProxyService</xt:type>
        <xt:path>TigoOnline/GetTechServiceOrders/PS/GetTechServiceOrdersLocal</xt:path>
      </xt:refsToSearch>
      <xt:refsToSearch xsi:type="xt:ResourceRefType">
        <xt:type>BusinessService</xt:type>
        <xt:path>TigoOnline/GetTechServiceOrders/BS/Incidencias</xt:path>
      </xt:refsToSearch>
      <xt:includeOnlyModifiedResources>false</xt:includeOnlyModifiedResources>
      <xt:searchString>Search String</xt:searchString>
      <xt:isCompleteMatch>false</xt:isCompleteMatch>
    </cus:query>
    <cus:replacement>Replacement String</cus:replacement>
  </cus:customization>
  <cus:customization xsi:type="cus:ReferenceCustomizationType">
    <cus:description/>
    <cus:refsToBeConsidered xsi:type="xt:ResourceRefType">
      <xt:type>BusinessService</xt:type>
      <xt:path>TigoOnline/GetTechServiceOrders/BS/GetTechServiceOrdersLocal</xt:path>
    </cus:refsToBeConsidered>
    <cus:refsToBeConsidered xsi:type="xt:ResourceRefType">
      <xt:type>ProxyService</xt:type>
      <xt:path>TigoOnline/GetTechServiceOrders/PS/GetTechServiceOrders</xt:path>
    </cus:refsToBeConsidered>
    <cus:refsToBeConsidered xsi:type="xt:ResourceRefType">
      <xt:type>XMLSchema</xt:type>
      <xt:path>TigoOnline/GetTechServiceOrders/XSD/ServiceOrderRequest</xt:path>
    </cus:refsToBeConsidered>
    <cus:refsToBeConsidered xsi:type="xt:ResourceRefType">
      <xt:type>XMLSchema</xt:type>
      <xt:path>TigoOnline/GetTechServiceOrders/XSD/IncidenciasFault</xt:path>
    </cus:refsToBeConsidered>
    <cus:refsToBeConsidered xsi:type="xt:ResourceRefType">
      <xt:type>WSDL</xt:type>
      <xt:path>TigoOnline/GetTechServiceOrders/WSDL/BS_Incidencias</xt:path>
    </cus:refsToBeConsidered>
    <cus:refsToBeConsidered xsi:type="xt:ResourceRefType">
      <xt:type>WSDL</xt:type>
      <xt:path>TigoOnline/GetTechServiceOrders/WSDL/PS_GetTechServiceOrders</xt:path>
    </cus:refsToBeConsidered>
    <cus:refsToBeConsidered xsi:type="xt:ResourceRefType">
      <xt:type>XMLSchema</xt:type>
      <xt:path>TigoOnline/GetTechServiceOrders/XSD/ServiceOrderFault</xt:path>
    </cus:refsToBeConsidered>
    <cus:refsToBeConsidered xsi:type="xt:ResourceRefType">
      <xt:type>XMLSchema</xt:type>
      <xt:path>TigoOnline/GetTechServiceOrders/XSD/ServiceOrderResponse</xt:path>
    </cus:refsToBeConsidered>
    <cus:refsToBeConsidered xsi:type="xt:ResourceRefType">
      <xt:type>WSDL</xt:type>
      <xt:path>TigoOnline/GetTechServiceOrders/WSDL/PS_GetTechServiceOrdersLocal</xt:path>
    </cus:refsToBeConsidered>
    <cus:refsToBeConsidered xsi:type="xt:ResourceRefType">
      <xt:type>ProxyService</xt:type>
      <xt:path>TigoOnline/GetTechServiceOrders/PS/GetTechServiceOrdersLocal</xt:path>
    </cus:refsToBeConsidered>
    <cus:refsToBeConsidered xsi:type="xt:ResourceRefType">
      <xt:type>BusinessService</xt:type>
      <xt:path>TigoOnline/GetTechServiceOrders/BS/Incidencias</xt:path>
    </cus:refsToBeConsidered>
    <cus:externalReferenceMap>
      <xt:oldRef>
        <xt:type>Xquery</xt:type>
        <xt:path>TigoOnline/GetTechServiceOrders/XQUERY/TransformToErrorRequest</xt:path>
      </xt:oldRef>
      <xt:newRef>
        <xt:type>Xquery</xt:type>
        <xt:path>TigoOnline/GetTechServiceOrders/XQUERY/TransformToErrorRequest</xt:path>
      </xt:newRef>
    </cus:externalReferenceMap>
    <cus:externalReferenceMap>
      <xt:oldRef>
        <xt:type>BusinessService</xt:type>
        <xt:path>TigoOnline/GetTechServiceOrders/BS/GetTechServiceOrdersLocal</xt:path>
      </xt:oldRef>
      <xt:newRef>
        <xt:type>BusinessService</xt:type>
        <xt:path>TigoOnline/GetTechServiceOrders/BS/GetTechServiceOrdersLocal</xt:path>
      </xt:newRef>
    </cus:externalReferenceMap>
    <cus:externalReferenceMap>
      <xt:oldRef>
        <xt:type>Xquery</xt:type>
        <xt:path>TigoOnline/GetTechServiceOrders/XQUERY/ReadCad</xt:path>
      </xt:oldRef>
      <xt:newRef>
        <xt:type>Xquery</xt:type>
        <xt:path>TigoOnline/GetTechServiceOrders/XQUERY/ReadCad</xt:path>
      </xt:newRef>
    </cus:externalReferenceMap>
    <cus:externalReferenceMap>
      <xt:oldRef>
        <xt:type>XMLSchema</xt:type>
        <xt:path>TigoOnline/GetTechServiceOrders/XSD/IncidenciasFault</xt:path>
      </xt:oldRef>
      <xt:newRef>
        <xt:type>XMLSchema</xt:type>
        <xt:path>TigoOnline/GetTechServiceOrders/XSD/IncidenciasFault</xt:path>
      </xt:newRef>
    </cus:externalReferenceMap>
    <cus:externalReferenceMap>
      <xt:oldRef>
        <xt:type>Xquery</xt:type>
        <xt:path>TigoOnline/Common/XQUERY/Accesos</xt:path>
      </xt:oldRef>
      <xt:newRef>
        <xt:type>Xquery</xt:type>
        <xt:path>TigoOnline/Common/XQUERY/Accesos</xt:path>
      </xt:newRef>
    </cus:externalReferenceMap>
    <cus:externalReferenceMap>
      <xt:oldRef>
        <xt:type>BusinessService</xt:type>
        <xt:path>TigoOnline/Common/BS/AuditProducerOSB</xt:path>
      </xt:oldRef>
      <xt:newRef>
        <xt:type>BusinessService</xt:type>
        <xt:path>TigoOnline/Common/BS/AuditProducerOSB</xt:path>
      </xt:newRef>
    </cus:externalReferenceMap>
    <cus:externalReferenceMap>
      <xt:oldRef>
        <xt:type>XMLSchema</xt:type>
        <xt:path>TigoOnline/GetTechServiceOrders/XSD/InformacionApartadosIncidencias</xt:path>
      </xt:oldRef>
      <xt:newRef>
        <xt:type>XMLSchema</xt:type>
        <xt:path>TigoOnline/GetTechServiceOrders/XSD/InformacionApartadosIncidencias</xt:path>
      </xt:newRef>
    </cus:externalReferenceMap>
    <cus:externalReferenceMap>
      <xt:oldRef>
        <xt:type>Xquery</xt:type>
        <xt:path>TigoOnline/GetTechServiceOrders/XQUERY/TransformException_DVM</xt:path>
      </xt:oldRef>
      <xt:newRef>
        <xt:type>Xquery</xt:type>
        <xt:path>TigoOnline/GetTechServiceOrders/XQUERY/TransformException_DVM</xt:path>
      </xt:newRef>
    </cus:externalReferenceMap>
    <cus:externalReferenceMap>
      <xt:oldRef>
        <xt:type>Xquery</xt:type>
        <xt:path>TigoOnline/GetTechServiceOrders/XQUERY/TransformToAuditRequest</xt:path>
      </xt:oldRef>
      <xt:newRef>
        <xt:type>Xquery</xt:type>
        <xt:path>TigoOnline/GetTechServiceOrders/XQUERY/TransformToAuditRequest</xt:path>
      </xt:newRef>
    </cus:externalReferenceMap>
    <cus:externalReferenceMap>
      <xt:oldRef>
        <xt:type>XMLSchema</xt:type>
        <xt:path>TigoOnline/Common/XSD/ResponseHeaderV3</xt:path>
      </xt:oldRef>
      <xt:newRef>
        <xt:type>XMLSchema</xt:type>
        <xt:path>TigoOnline/Common/XSD/ResponseHeaderV3</xt:path>
      </xt:newRef>
    </cus:externalReferenceMap>
    <cus:externalReferenceMap>
      <xt:oldRef>
        <xt:type>Xquery</xt:type>
        <xt:path>TigoOnline/GetTechServiceOrders/XQUERY/TransformToIncidenciasRequest</xt:path>
      </xt:oldRef>
      <xt:newRef>
        <xt:type>Xquery</xt:type>
        <xt:path>TigoOnline/GetTechServiceOrders/XQUERY/TransformToIncidenciasRequest</xt:path>
      </xt:newRef>
    </cus:externalReferenceMap>
    <cus:externalReferenceMap>
      <xt:oldRef>
        <xt:type>Xquery</xt:type>
        <xt:path>TigoOnline/GetTechServiceOrders/XQUERY/TransformFromIncidenciasResponse</xt:path>
      </xt:oldRef>
      <xt:newRef>
        <xt:type>Xquery</xt:type>
        <xt:path>TigoOnline/GetTechServiceOrders/XQUERY/TransformFromIncidenciasResponse</xt:path>
      </xt:newRef>
    </cus:externalReferenceMap>
    <cus:externalReferenceMap>
      <xt:oldRef>
        <xt:type>XMLSchema</xt:type>
        <xt:path>TigoOnline/Common/XSD/Error</xt:path>
      </xt:oldRef>
      <xt:newRef>
        <xt:type>XMLSchema</xt:type>
        <xt:path>TigoOnline/Common/XSD/Error</xt:path>
      </xt:newRef>
    </cus:externalReferenceMap>
    <cus:externalReferenceMap>
      <xt:oldRef>
        <xt:type>Xquery</xt:type>
        <xt:path>TigoOnline/GetTechServiceOrders/XQUERY/TransformToAccesoRequest</xt:path>
      </xt:oldRef>
      <xt:newRef>
        <xt:type>Xquery</xt:type>
        <xt:path>TigoOnline/GetTechServiceOrders/XQUERY/TransformToAccesoRequest</xt:path>
      </xt:newRef>
    </cus:externalReferenceMap>
    <cus:externalReferenceMap>
      <xt:oldRef>
        <xt:type>Xquery</xt:type>
        <xt:path>TigoOnline/Common/XQUERY/ErrorValuesDvm</xt:path>
      </xt:oldRef>
      <xt:newRef>
        <xt:type>Xquery</xt:type>
        <xt:path>TigoOnline/Common/XQUERY/ErrorValuesDvm</xt:path>
      </xt:newRef>
    </cus:externalReferenceMap>
    <cus:externalReferenceMap>
      <xt:oldRef>
        <xt:type>BusinessService</xt:type>
        <xt:path>TigoOnline/Common/BS/Accesos</xt:path>
      </xt:oldRef>
      <xt:newRef>
        <xt:type>BusinessService</xt:type>
        <xt:path>TigoOnline/Common/BS/Accesos</xt:path>
      </xt:newRef>
    </cus:externalReferenceMap>
    <cus:externalReferenceMap>
      <xt:oldRef>
        <xt:type>Xquery</xt:type>
        <xt:path>TigoOnline/GetTechServiceOrders/XQUERY/TransformTechServiceOrdersFaultResponse</xt:path>
      </xt:oldRef>
      <xt:newRef>
        <xt:type>Xquery</xt:type>
        <xt:path>TigoOnline/GetTechServiceOrders/XQUERY/TransformTechServiceOrdersFaultResponse</xt:path>
      </xt:newRef>
    </cus:externalReferenceMap>
    <cus:externalReferenceMap>
      <xt:oldRef>
        <xt:type>WSDL</xt:type>
        <xt:path>TigoOnline/GetTechServiceOrders/WSDL/PS_GetTechServiceOrdersLocal</xt:path>
      </xt:oldRef>
      <xt:newRef>
        <xt:type>WSDL</xt:type>
        <xt:path>TigoOnline/GetTechServiceOrders/WSDL/PS_GetTechServiceOrdersLocal</xt:path>
      </xt:newRef>
    </cus:externalReferenceMap>
    <cus:externalReferenceMap>
      <xt:oldRef>
        <xt:type>XMLSchema</xt:type>
        <xt:path>TigoOnline/Common/XSD/RequestHeaderV3</xt:path>
      </xt:oldRef>
      <xt:newRef>
        <xt:type>XMLSchema</xt:type>
        <xt:path>TigoOnline/Common/XSD/RequestHeaderV3</xt:path>
      </xt:newRef>
    </cus:externalReferenceMap>
    <cus:externalReferenceMap>
      <xt:oldRef>
        <xt:type>XMLSchema</xt:type>
        <xt:path>TigoOnline/GetTechServiceOrders/XSD/ServiceOrderRequest</xt:path>
      </xt:oldRef>
      <xt:newRef>
        <xt:type>XMLSchema</xt:type>
        <xt:path>TigoOnline/GetTechServiceOrders/XSD/ServiceOrderRequest</xt:path>
      </xt:newRef>
    </cus:externalReferenceMap>
    <cus:externalReferenceMap>
      <xt:oldRef>
        <xt:type>Xquery</xt:type>
        <xt:path>TigoOnline/GetTechServiceOrders/XQUERY/TransformTechServiceOrdersResponse</xt:path>
      </xt:oldRef>
      <xt:newRef>
        <xt:type>Xquery</xt:type>
        <xt:path>TigoOnline/GetTechServiceOrders/XQUERY/TransformTechServiceOrdersResponse</xt:path>
      </xt:newRef>
    </cus:externalReferenceMap>
    <cus:externalReferenceMap>
      <xt:oldRef>
        <xt:type>WSDL</xt:type>
        <xt:path>TigoOnline/GetTechServiceOrders/WSDL/BS_Incidencias</xt:path>
      </xt:oldRef>
      <xt:newRef>
        <xt:type>WSDL</xt:type>
        <xt:path>TigoOnline/GetTechServiceOrders/WSDL/BS_Incidencias</xt:path>
      </xt:newRef>
    </cus:externalReferenceMap>
    <cus:externalReferenceMap>
      <xt:oldRef>
        <xt:type>XMLSchema</xt:type>
        <xt:path>TigoOnline/GetTechServiceOrders/XSD/Incidencias</xt:path>
      </xt:oldRef>
      <xt:newRef>
        <xt:type>XMLSchema</xt:type>
        <xt:path>TigoOnline/GetTechServiceOrders/XSD/Incidencias</xt:path>
      </xt:newRef>
    </cus:externalReferenceMap>
    <cus:externalReferenceMap>
      <xt:oldRef>
        <xt:type>Xquery</xt:type>
        <xt:path>TigoOnline/GetTechServiceOrders/XQUERY/TranformFaultToErrorCode</xt:path>
      </xt:oldRef>
      <xt:newRef>
        <xt:type>Xquery</xt:type>
        <xt:path>TigoOnline/GetTechServiceOrders/XQUERY/TranformFaultToErrorCode</xt:path>
      </xt:newRef>
    </cus:externalReferenceMap>
    <cus:externalReferenceMap>
      <xt:oldRef>
        <xt:type>WSDL</xt:type>
        <xt:path>TigoOnline/GetTechServiceOrders/WSDL/PS_GetTechServiceOrders</xt:path>
      </xt:oldRef>
      <xt:newRef>
        <xt:type>WSDL</xt:type>
        <xt:path>TigoOnline/GetTechServiceOrders/WSDL/PS_GetTechServiceOrders</xt:path>
      </xt:newRef>
    </cus:externalReferenceMap>
    <cus:externalReferenceMap>
      <xt:oldRef>
        <xt:type>ServiceAccount</xt:type>
        <xt:path>TigoOnline/GetTechServiceOrders/BS/GetTechServiceOrdersLocal</xt:path>
      </xt:oldRef>
      <xt:newRef>
        <xt:type>ServiceAccount</xt:type>
        <xt:path>TigoOnline/GetTechServiceOrders/BS/GetTechServiceOrdersLocal</xt:path>
      </xt:newRef>
    </cus:externalReferenceMap>
    <cus:externalReferenceMap>
      <xt:oldRef>
        <xt:type>XMLSchema</xt:type>
        <xt:path>TigoOnline/GetTechServiceOrders/XSD/ServiceOrderFault</xt:path>
      </xt:oldRef>
      <xt:newRef>
        <xt:type>XMLSchema</xt:type>
        <xt:path>TigoOnline/GetTechServiceOrders/XSD/ServiceOrderFault</xt:path>
      </xt:newRef>
    </cus:externalReferenceMap>
    <cus:externalReferenceMap>
      <xt:oldRef>
        <xt:type>XMLSchema</xt:type>
        <xt:path>TigoOnline/GetTechServiceOrders/XSD/ServiceOrderResponse</xt:path>
      </xt:oldRef>
      <xt:newRef>
        <xt:type>XMLSchema</xt:type>
        <xt:path>TigoOnline/GetTechServiceOrders/XSD/ServiceOrderResponse</xt:path>
      </xt:newRef>
    </cus:externalReferenceMap>
    <cus:externalReferenceMap>
      <xt:oldRef>
        <xt:type>BusinessService</xt:type>
        <xt:path>TigoOnline/Common/BS/ErrorProducerOSB</xt:path>
      </xt:oldRef>
      <xt:newRef>
        <xt:type>BusinessService</xt:type>
        <xt:path>TigoOnline/Common/BS/ErrorProducerOSB</xt:path>
      </xt:newRef>
    </cus:externalReferenceMap>
    <cus:externalReferenceMap>
      <xt:oldRef>
        <xt:type>BusinessService</xt:type>
        <xt:path>TigoOnline/GetTechServiceOrders/BS/Incidencias</xt:path>
      </xt:oldRef>
      <xt:newRef>
        <xt:type>BusinessService</xt:type>
        <xt:path>TigoOnline/GetTechServiceOrders/BS/Incidencias</xt:path>
      </xt:newRef>
    </cus:externalReferenceMap>
  </cus:customization>
</cus:Customizations>